Name,Branch,Date,Amount,Category
Charlie Brown,Southampton,22/07/2016,29.87,Vehicle fuel
Charlie Brown,Southampton,06/08/2016,250.6,Miscellaneous
Charlie Brown,Southampton,12/08/2016,300.95,Entertaining
Charlie Brown,Southampton,16/08/2016,535.79,Accommodation
Charlie Brown,Southampton,22/08/2016,334.79,Public transport
Charlie Brown,Southampton,24/08/2016,525.45,Entertaining
Charlie Brown,Southampton,26/08/2016,299.37,Public transport
Charlie Brown,Southampton,27/08/2016,36.69,Vehicle maintenance
Charlie Brown,Southampton,19/09/2016,135.09,Bank charges
